{"schemaVersion":"1.0","appDefinitionTemplate":{"id":"/providers/Microsoft.PowerApps/apps/","type":"Microsoft.PowerApps/apps","tags":{"primaryDeviceWidth":"640","primaryDeviceHeight":"1136","supportsPortrait":"true","supportsLandscape":"true","primaryFormFactor":"Phone","showStatusBar":"false","publisherVersion":"3.24063.22","minimumRequiredApiVersion":"2.2.0","hasComponent":"false","hasUnlockedComponent":"false","isUnifiedRootApp":"false","sienaVersion":"20240629T112728Z-3.24063.22.0"},"properties":{"appVersion":"2024-06-29T11:27:28Z","lifeCycleId":"Published","createdByClientVersion":{"major":3,"minor":24063,"build":22,"revision":0,"majorRevision":0,"minorRevision":0},"minClientVersion":{"major":3,"minor":24063,"build":22,"revision":0,"majorRevision":0,"minorRevision":0},"backgroundColor":"RGBA(0,176,240,1)","backgroundImageUri":"/715585341553139094/Naa01620d-9b1b-4667-a0c5-603f33626581-logoSmallFile","displayName":"Defect Capturing Flow","description":"","commitMessage":"","appUris":{"documentUri":{"value":"/715585341553139094/N6d5efb93-5277-43d1-b2ad-18632b22a1d7-document.msapp"},"imageUris":[],"additionalUris":[{"isSolutionAware":false,"value":"/715585341553139094/N241d16d1-8c61-4510-a4ef-232d72f64b29-identity.json"}]},"createdTime":"0001-01-01T00:00:00Z","lastModifiedTime":"0001-01-01T00:00:00Z","sharedGroupsCount":0,"sharedUsersCount":0,"connectionReferences":{"e9ce706f-4896-42dc-811d-7a446d0344ae":{"id":"c8cb5578-5983-4f64-9512-51948c23c839","displayName":"Google Sheets","iconUri":"https://connectoricons-prod.azureedge.net/releases/v1.0.1694/1.0.1694.3752/googlesheet/icon.png","dataSources":["Admin","DefectAreas","DefectCategories","DefectRecords","Defects","Products","Shops","Users"],"dependencies":[],"dependents":[],"parameterHints":{},"parameterHintsV2":{},"isOnPremiseConnection":false,"bypassConsent":false,"dataSets":{"1D79kIbwOlizQaJU_EOT7AUBA7Jk3OCiToPhtZ5DbxBo":{"dataSources":{"Admin":{"tableName":"176440518"},"DefectAreas":{"tableName":"1096502537"},"DefectCategories":{"tableName":"1533824109"},"DefectRecords":{"tableName":"847923756"},"Defects":{"tableName":"727142021"},"Products":{"tableName":"1631507210"},"Shops":{"tableName":"0"},"Users":{"tableName":"1677018847"}}}},"apiTier":"Standard","isCustomApiConnection":false,"actions":["providers/PowerPlatform.Governance/Operations/Read","providers/PowerPlatform.Governance/Operations/Write"]}},"databaseReferences":{},"almMode":"Environment","performanceOptimizationEnabled":true,"canConsumeAppPass":true,"enableModernRuntimeMode":false,"executionRestrictions":{"isTeamsOnly":false,"dataLossPreventionEvaluationResult":{"status":"Compliant","lastEvaluationDate":"2024-06-25T11:16:10.4567432Z","violations":[],"violationsByPolicy":[],"violationErrorMessage":"The app uses the following connectors: shared_googlesheet."}}},"appType":"ClassicCanvasApp","appComponents":[]}}